,0,1,2,3,4,5,6,7,8,9,10,11,12,13,14,15,16,17,18,19,20,21,22,23,24,25,26,27,28,29,30,31,32,33,34,35,36,37,38,39,40,41,42,43,44,45,46,47,48,49,50,51,52,53,54,55,56,57,58,59,60,61,62,63,64,65,66,67,68,69,70,71,72,73,74,75,76,77,78,79,80,81,82,83,84,85,86,87,88,89,90,91,92,93,94,95,96,97,98,99
0,1,0,8,0,0,1,5,3,0,1,8,9,0,5,8,2,7,1,1,9,7,7,8,0,2,2,4,9,7,8,0,4,6,5,6,8,3,5,5,3,1,8,5,7,1,7,0,5,6,8,208,406,306,105,605,519,552,112,318,220,959,903,483.5,853.8,618.5,779,690,737,576,941,667,922,841,343,411,409,875,164,828,468,617,209,134,513,427,744,286,142,435,108,141,859,111,572,652,791,836,874,395,220
1,2,0,2,3,0,1,5,8,2,0,3,8,7,1,6,9,6,4,5,6,8,7,9,4,4,8,3,9,5,2,8,6,4,1,9,2,0,2,3,0,8,3,0,9,8,9,2,8,9,7,301,299,351,186,879,295,350,271,554,850,881,219,484.5,852.8,618.5,970,888,724,645,154,529,176,531,964,820,210,603,885,237,242,184,345,390,367,263,184,945,174,965,352,509,376,191,698,716,122,262,732,733,134
2,9,5,5,2,0,1,5,7,4,0,3,8,3,4,6,1,5,0,0,8,7,4,7,8,6,4,4,0,5,5,1,4,6,4,5,8,9,0,5,0,5,6,6,6,6,4,6,7,9,9,241,731,886,583,786,943,643,471,201,776,193,332,479.5,846.8,619.5,497,768,177,470,156,578,185,933,250,619,375,659,547,772,706,470,552,839,119,774,779,892,322,908,404,170,673,370,903,674,570,140,218,809,153
3,7,2,3,5,0,1,5,4,1,0,2,3,6,8,9,4,1,4,5,0,7,2,4,3,6,9,3,5,2,1,1,4,4,3,1,8,9,9,3,7,5,4,8,1,5,4,2,2,1,8,815,394,896,351,261,410,120,111,952,196,728,345,477.5,848.8,619.5,373,872,306,889,444,992,574,310,433,395,818,436,287,159,547,849,888,500,209,527,883,149,775,886,484,957,607,767,123,550,678,381,350,502,517
4,0,3,9,6,0,1,5,5,1,0,6,2,5,5,8,6,2,7,2,5,3,8,1,5,8,0,7,3,7,9,7,2,1,6,9,8,9,7,3,0,5,1,0,0,8,6,7,5,7,8,297,903,679,397,332,254,942,718,986,853,314,976,477.5,850.8,623.5,694,380,257,270,848,121,289,330,604,733,766,431,810,986,115,479,481,942,634,101,320,498,572,454,175,361,197,410,702,913,301,380,480,494,511
5,6,1,7,8,0,1,5,7,7,9,8,2,7,5,6,5,5,0,1,9,5,9,5,2,4,2,1,4,0,9,3,9,5,8,1,4,7,1,5,0,0,9,7,5,1,8,8,4,4,5,265,864,721,693,201,562,809,644,244,413,143,751,481.5,846.8,624.5,223,899,497,179,738,276,528,170,735,812,120,256,908,584,829,955,547,121,682,719,857,738,899,323,875,258,330,438,797,851,144,273,743,128,741
6,3,3,6,4,0,1,5,3,7,2,4,8,8,1,8,3,9,8,5,5,1,6,4,5,4,0,8,6,8,3,5,7,2,6,0,2,3,3,3,8,9,6,6,9,4,2,2,6,0,8,555,981,849,739,442,780,802,357,711,926,395,958,475.5,853.8,620.5,551,893,410,188,915,398,225,209,593,586,674,456,878,257,796,157,862,121,848,710,872,144,550,340,625,234,439,242,761,486,183,788,816,159,696
7,1,8,9,6,0,1,5,0,7,9,0,2,4,7,4,3,1,6,7,8,7,7,3,2,1,7,5,8,8,8,0,7,6,3,0,8,0,0,2,1,1,1,4,7,7,5,7,3,0,1,256,377,216,669,887,331,481,357,828,388,849,822,479.5,845.8,622.5,940,328,542,614,246,224,621,516,157,213,215,590,380,137,160,130,647,962,544,586,508,303,552,527,145,364,563,979,516,638,636,827,347,658,131
8,6,5,9,6,0,1,5,7,1,7,5,5,5,5,7,6,8,9,3,6,4,3,8,9,9,9,0,8,4,1,3,7,3,3,0,3,6,9,9,7,0,8,9,1,0,4,8,4,9,1,795,782,634,407,697,648,227,777,813,702,186,991,482.5,851.8,623.5,567,937,372,872,722,702,224,398,113,684,346,718,286,767,901,675,318,357,358,109,783,309,133,422,115,388,867,732,289,550,552,691,835,280,739
9,2,0,3,6,0,1,5,9,4,0,7,0,8,6,7,6,7,8,9,1,7,4,8,2,8,1,1,4,4,4,1,0,7,0,5,4,2,2,4,1,4,0,7,4,8,6,5,7,4,7,814,712,685,852,106,106,792,505,470,215,649,468,475.5,850.8,621.5,985,735,872,633,983,420,396,879,468,272,260,495,169,576,720,664,519,128,702,324,404,747,582,730,704,261,350,575,398,527,757,976,961,260,582
10,0,6,0,2,0,1,5,7,3,1,2,9,9,5,7,3,5,6,1,8,7,3,5,4,2,0,3,1,2,5,0,4,9,5,4,9,9,3,5,3,6,5,8,5,2,7,2,1,4,1,128,261,766,646,209,576,667,672,760,345,880,482,475.5,845.8,624.5,773,697,343,509,923,906,873,584,359,213,605,770,448,477,545,202,213,785,292,768,535,642,143,713,433,581,633,563,549,216,137,418,241,635,515
11,9,6,6,1,0,1,5,8,9,2,7,6,5,9,1,9,0,1,6,3,9,7,3,9,5,6,1,5,4,6,8,7,2,2,6,3,9,8,1,2,1,0,2,1,3,5,9,2,6,4,728,467,792,361,680,502,311,353,376,920,928,616,477.5,845.8,625.5,630,122,194,458,829,169,581,621,650,539,579,210,410,688,576,614,576,371,437,835,864,908,781,414,591,975,435,860,415,856,217,466,857,473,954
12,8,3,3,9,0,1,5,8,9,3,8,2,2,1,8,5,0,2,0,8,4,1,3,8,6,5,3,9,4,7,4,7,1,4,7,9,6,3,6,5,6,7,4,5,8,5,9,6,3,5,423,640,248,677,303,286,591,553,406,404,690,832,477.5,851.8,620.5,254,911,544,965,542,881,231,774,441,150,710,883,307,384,214,811,412,808,655,890,780,889,781,203,992,854,584,340,375,584,142,195,583,737,704
13,6,2,5,0,0,1,5,9,1,4,2,8,4,2,2,1,1,6,7,1,7,3,7,1,7,0,7,3,6,7,9,8,2,5,8,1,3,6,9,3,2,2,8,6,7,2,8,3,6,7,379,923,616,667,744,332,864,588,151,942,799,182,483.5,853.8,621.5,632,178,199,396,183,154,593,265,190,623,275,120,284,770,976,941,845,995,817,658,661,159,471,926,113,692,256,100,326,132,163,969,147,807,810
14,5,0,7,8,0,1,5,3,6,4,3,7,0,6,4,1,6,5,7,0,4,5,4,7,4,9,9,2,0,1,8,7,1,4,2,2,6,1,8,3,5,4,7,3,3,8,4,3,3,7,375,164,990,689,354,594,107,690,973,533,343,728,479.5,849.8,625.5,918,479,347,373,820,793,696,802,892,293,500,662,153,593,603,967,826,285,418,156,756,235,239,460,125,864,674,766,237,934,403,189,850,987,217
15,5,6,3,6,0,1,5,1,7,5,9,2,9,9,5,7,0,7,8,2,8,7,4,4,9,6,7,9,3,9,1,8,2,5,4,3,2,4,5,5,7,4,7,0,8,0,6,3,9,9,487,773,480,521,599,585,564,394,544,216,159,138,479.5,848.8,625.5,710,829,215,251,625,848,560,723,330,529,775,208,548,884,786,712,759,344,589,846,207,889,584,498,195,405,844,533,363,891,178,591,163,890,946
16,1,1,5,4,0,1,5,5,4,1,0,3,7,5,2,1,0,2,3,4,1,5,1,5,8,4,1,9,3,1,9,6,7,2,8,5,7,3,6,8,1,8,5,7,3,9,9,2,1,4,803,302,679,178,656,539,752,835,119,570,379,734,478.5,851.8,623.5,190,814,617,594,774,219,907,936,541,504,437,562,895,655,308,831,578,408,838,151,703,462,250,192,998,666,295,865,744,284,144,284,325,746,336
17,3,3,9,0,0,1,5,7,3,1,8,9,3,1,5,6,2,3,0,5,6,9,5,0,0,7,9,5,3,0,0,0,6,1,7,1,7,6,4,1,3,0,3,3,6,7,0,0,5,0,545,534,640,397,259,734,922,544,256,627,174,200,480.5,849.8,619.5,121,695,549,259,811,210,738,348,969,770,734,512,943,531,703,103,543,785,130,657,525,324,240,614,832,404,710,252,611,522,547,808,788,335,571
18,5,7,3,3,0,1,5,9,3,9,4,6,3,7,0,0,1,0,8,7,4,4,8,5,3,0,7,6,7,5,9,2,0,3,9,1,1,5,2,7,5,1,4,9,2,5,2,2,2,1,449,212,732,646,685,706,648,601,451,733,981,993,483.5,848.8,626.5,633,433,723,317,568,750,191,261,577,737,425,902,164,505,885,509,945,940,352,847,535,508,808,753,952,351,633,953,282,881,201,621,185,667,681
19,7,7,3,2,0,1,5,4,8,0,2,0,7,0,6,9,8,6,0,0,4,1,6,5,3,9,7,1,4,2,3,9,0,8,0,0,6,8,2,0,6,6,2,6,9,3,5,9,2,8,272,984,102,117,614,809,678,318,468,567,104,906,475.5,847.8,618.5,858,969,297,383,936,452,155,876,221,636,776,836,236,792,826,850,532,527,997,434,733,741,589,277,886,241,148,930,117,630,499,939,734,293,709
20,2,2,5,2,0,1,5,8,5,8,3,3,4,0,5,3,9,9,7,0,3,2,7,2,0,5,8,9,7,6,2,5,7,8,8,1,8,5,1,2,7,4,7,3,9,1,2,6,3,2,892,727,435,924,788,710,186,220,402,340,812,930,479.5,849.8,626.5,910,821,165,126,661,638,594,515,449,516,303,224,981,430,188,187,584,823,414,962,752,371,294,348,794,627,251,251,246,867,805,665,634,948,780
21,7,4,4,9,0,1,5,4,4,0,8,4,9,4,6,8,6,6,6,6,9,3,5,8,7,7,4,6,7,4,3,4,0,7,6,1,3,9,4,2,5,4,1,5,4,1,9,4,0,8,912,159,299,336,789,433,765,834,773,929,405,557,482.5,851.8,622.5,143,174,357,659,321,478,779,104,601,816,555,621,811,128,235,683,326,941,591,692,797,903,177,265,961,118,177,143,759,657,437,143,473,670,283
22,6,1,2,9,0,1,5,2,6,6,2,0,8,1,9,5,3,2,4,7,3,7,6,6,0,1,0,3,7,4,2,1,6,6,9,3,3,9,0,5,2,5,6,7,1,0,0,5,7,0,544,240,866,119,935,715,766,258,514,855,214,862,479.5,846.8,621.5,811,840,955,568,299,401,537,536,337,672,134,488,413,269,613,264,344,924,967,271,173,171,498,219,982,770,747,833,757,565,280,839,308,779,889
23,1,9,2,9,0,1,5,3,3,1,5,4,0,2,3,5,4,7,2,0,1,0,3,9,0,4,1,2,2,8,7,7,9,2,2,9,2,8,6,5,7,3,3,7,1,3,2,0,1,3,360,523,298,646,700,126,109,610,741,316,288,291,482.5,851.8,620.5,468,783,281,888,646,585,111,768,503,941,873,370,142,182,700,183,764,225,765,684,724,360,722,416,948,296,397,652,717,961,646,445,452,267,813
24,2,7,9,5,0,1,5,6,2,9,3,0,7,8,4,1,5,9,0,9,0,2,4,9,5,4,2,1,9,7,1,1,7,1,6,0,4,8,8,0,3,9,7,9,4,3,6,6,0,3,323,180,448,140,522,846,616,101,711,970,820,439,480.5,848.8,626.5,339,575,481,921,280,985,514,295,358,888,637,449,768,517,855,334,999,627,568,726,117,279,192,393,222,469,917,298,122,345,169,751,720,691,443
25,8,1,3,4,0,1,5,4,4,1,6,2,9,6,2,0,9,1,4,0,6,3,5,5,9,5,6,0,2,4,4,4,9,8,7,0,9,4,1,4,8,2,8,9,7,4,0,9,3,3,985,389,340,758,127,294,211,932,131,225,433,713,482.5,849.8,626.5,834,621,524,842,216,392,866,590,408,965,521,416,552,489,707,160,680,814,729,221,718,407,163,136,452,838,327,177,421,909,189,585,670,710,459
26,0,7,6,0,0,1,5,3,7,9,2,5,0,0,2,4,8,3,2,0,4,1,5,6,9,9,7,8,2,5,3,5,1,1,7,6,2,6,2,7,7,9,6,4,0,1,6,5,4,3,642,734,504,112,331,181,160,771,174,122,223,802,482.5,850.8,620.5,529,400,121,465,430,153,584,403,245,513,929,846,461,493,578,913,126,859,953,532,298,824,120,345,569,277,363,278,356,186,230,523,694,206,427
27,2,0,5,2,0,1,5,8,2,8,8,9,6,5,0,9,1,7,9,9,0,8,9,1,5,2,0,4,8,7,9,0,6,6,5,5,5,1,9,2,2,7,9,5,2,2,8,9,1,7,918,712,213,226,290,965,957,948,617,857,352,175,478.5,846.8,623.5,121,976,712,988,347,472,758,432,132,612,583,763,975,489,999,586,439,764,984,101,176,270,412,811,450,972,136,540,911,762,567,681,716,646,747
28,8,5,5,9,0,1,5,3,8,4,0,6,0,3,3,9,4,6,4,2,3,4,2,6,8,8,3,4,4,2,5,0,3,6,1,8,8,2,2,0,1,1,0,1,5,1,8,6,8,3,153,247,722,640,435,529,509,105,553,609,708,192,479.5,851.8,619.5,535,128,666,663,194,393,131,370,788,371,721,583,607,255,839,646,864,161,579,974,396,910,662,191,368,353,774,540,784,678,908,238,704,968,779
29,3,7,2,0,0,1,5,8,3,1,1,7,9,1,0,8,1,7,6,1,5,8,6,1,2,3,2,6,9,6,2,7,9,2,5,8,9,3,8,0,6,8,8,2,0,7,7,5,4,0,185,552,934,207,843,691,649,617,375,752,159,522,482.5,850.8,620.5,630,660,351,722,308,798,507,257,420,232,648,649,571,971,799,989,246,962,225,784,287,432,521,745,138,656,167,879,344,306,185,388,980,786,472
30,8,7,0,4,0,1,5,8,8,3,4,3,7,0,4,7,6,3,0,9,2,1,0,3,4,8,5,5,7,5,2,6,3,7,8,4,8,0,1,2,8,2,3,1,5,8,0,5,4,7,855,688,972,274,231,404,602,522,503,909,299,550,480.5,851.8,622.5,555,285,337,199,153,344,875,506,390,413,164,329,605,597,813,943,994,816,764,885,708,683,288,121,744,119,635,882,782,653,504,414,915,288,934
31,9,7,8,0,0,1,5,5,9,6,4,2,4,9,6,8,7,7,9,0,0,7,3,6,5,7,4,7,4,9,5,7,5,6,3,2,8,4,2,4,5,1,8,5,8,1,8,7,8,6,697,162,820,478,665,130,744,506,251,893,103,590,482.5,845.8,623.5,876,632,433,114,920,110,842,874,522,370,934,689,741,712,224,758,815,810,263,341,976,811,497,296,665,670,165,308,432,718,438,335,891,635,854
32,8,3,3,4,0,1,5,7,4,9,3,6,9,3,4,3,0,3,1,7,8,4,6,9,2,2,9,4,0,1,4,2,3,6,9,8,1,5,9,4,8,7,4,8,8,4,0,6,6,5,475,745,320,119,585,966,692,272,900,744,868,455,478.5,847.8,619.5,374,946,556,726,539,917,455,790,323,433,118,878,711,662,829,571,387,152,723,575,713,862,470,222,562,543,936,121,999,116,834,303,411,993,583
33,8,6,4,5,0,1,5,8,8,3,5,5,3,6,1,7,2,6,2,0,6,7,8,0,9,2,0,8,9,8,5,4,3,4,2,0,8,1,2,7,7,3,1,9,4,2,6,2,2,0,148,290,483,733,509,384,206,788,856,146,263,439,475.5,849.8,620.5,514,407,483,461,813,647,354,538,927,302,518,903,445,861,761,411,777,667,619,388,432,310,795,737,297,120,526,627,225,272,179,240,752,899,752
34,6,5,0,9,0,1,5,3,4,0,0,6,4,7,0,6,0,2,6,6,0,6,0,6,8,6,5,7,5,9,1,5,4,0,5,8,3,5,5,0,7,2,0,8,2,2,0,4,5,4,162,729,857,306,764,573,484,531,385,386,815,690,482.5,851.8,624.5,111,725,124,327,554,751,134,222,726,389,918,834,323,497,716,247,857,416,926,434,624,665,641,361,864,233,740,554,865,357,907,351,152,562,286
35,0,7,7,7,0,1,5,7,3,2,7,8,9,9,4,2,9,8,8,4,0,5,0,1,3,8,9,3,1,1,9,7,6,4,6,7,9,3,9,9,2,0,3,0,9,2,0,4,9,8,343,499,671,406,150,949,986,333,457,605,217,137,484.5,853.8,623.5,659,420,597,255,750,235,559,559,724,561,383,592,721,248,239,591,466,580,411,669,151,200,977,402,271,513,371,188,441,222,796,193,161,109,843
36,2,9,4,9,0,1,5,8,8,6,5,7,2,2,8,8,1,4,7,8,7,7,1,7,0,9,8,4,6,7,7,4,9,0,5,1,1,1,3,5,5,8,5,0,4,6,4,0,2,0,467,175,676,859,155,995,257,351,869,905,551,996,477.5,849.8,625.5,641,883,625,187,787,207,564,224,324,204,106,682,339,692,418,542,661,320,445,532,498,270,642,992,545,573,927,255,584,125,338,440,601,322,857
37,6,3,4,8,0,1,5,7,6,5,9,8,6,7,2,2,1,7,4,7,8,1,2,5,9,1,1,0,9,6,7,5,8,2,4,7,5,3,7,5,7,3,9,6,3,8,8,1,6,1,725,972,107,485,123,850,208,887,734,772,595,868,476.5,853.8,617.5,437,467,572,123,544,231,877,882,863,486,620,491,485,625,292,242,937,705,874,981,820,472,194,778,293,962,710,615,431,571,111,144,293,115,429
38,3,6,4,1,0,1,5,4,3,9,0,2,8,5,6,6,4,1,4,1,4,0,7,3,3,6,2,1,3,8,5,1,2,4,4,3,4,6,7,4,2,6,8,2,5,9,2,4,7,6,169,782,619,311,288,446,958,459,868,199,782,123,482.5,851.8,621.5,531,594,420,188,171,159,121,940,671,465,160,277,840,999,763,188,310,676,696,190,980,828,274,508,171,559,538,421,268,711,818,819,953,192,502
39,8,4,6,6,0,1,5,5,6,8,4,9,4,4,0,7,2,4,9,4,4,3,9,3,9,8,4,1,4,1,9,6,1,6,4,1,2,3,1,6,3,6,6,2,6,0,9,0,1,6,255,975,696,267,699,418,271,825,997,920,816,939,476.5,847.8,618.5,353,137,497,909,607,697,670,425,532,346,254,768,232,273,985,171,432,953,327,484,111,907,933,446,433,696,203,838,361,910,364,998,162,439,997
40,4,5,8,7,0,1,5,5,1,3,6,8,9,9,2,2,8,3,1,4,8,5,4,3,0,4,5,1,8,0,3,9,1,7,4,7,9,1,4,3,8,8,8,5,9,4,7,1,6,8,222,418,905,795,724,271,953,961,773,104,240,530,479.5,848.8,619.5,278,120,980,508,604,945,131,284,541,943,726,530,383,298,527,650,353,231,128,853,926,914,471,540,170,929,115,737,466,438,837,667,142,567,236
41,8,3,4,1,0,1,5,9,2,2,5,1,7,8,6,0,8,6,5,1,0,8,2,6,0,1,5,2,3,5,4,6,4,9,6,8,3,0,5,4,4,3,9,9,7,0,8,1,5,8,888,201,688,474,421,958,282,328,846,998,205,769,481.5,850.8,626.5,620,874,572,611,544,894,521,845,159,539,125,819,932,879,492,700,398,648,849,262,438,827,476,778,190,107,153,815,782,977,628,298,907,251,677
42,0,9,0,0,0,1,5,3,1,7,1,8,0,1,1,3,4,2,2,3,3,9,3,1,7,3,3,4,8,2,9,1,1,0,3,2,2,1,7,8,9,7,5,5,0,3,0,3,7,5,154,118,453,623,985,918,261,642,938,906,819,775,480.5,847.8,622.5,559,199,756,912,602,149,671,207,297,326,313,730,337,854,388,826,584,814,809,578,267,441,229,327,140,401,713,664,278,168,850,928,664,822,613
43,0,9,9,8,0,1,5,7,4,6,2,3,9,4,4,5,9,6,9,7,4,5,1,3,0,6,5,6,7,9,9,8,5,0,1,4,0,0,2,3,1,3,6,3,1,9,9,1,4,1,332,668,923,658,880,967,755,224,812,183,403,206,476.5,848.8,621.5,878,397,447,554,201,826,208,918,566,660,846,636,654,233,142,743,723,388,223,710,916,271,340,386,315,839,789,341,724,223,114,882,754,419,596
44,5,0,0,1,0,1,5,0,3,0,3,3,8,3,8,2,2,4,5,0,0,8,6,2,1,7,7,2,5,9,3,0,3,4,5,4,1,1,4,2,9,4,0,5,4,3,6,4,5,5,101,747,467,670,838,950,791,847,763,742,834,611,481.5,850.8,624.5,149,279,281,275,512,790,915,946,940,492,910,780,938,485,132,401,464,409,100,893,202,803,620,380,816,671,875,968,552,847,888,195,326,442,177
45,0,0,9,2,0,1,5,5,0,9,5,3,1,2,9,6,7,4,9,5,2,5,8,9,0,2,3,8,8,4,3,4,8,4,1,3,0,1,5,2,6,4,4,5,3,7,6,0,7,9,461,109,940,797,121,431,991,156,940,847,821,808,479.5,851.8,620.5,610,420,695,106,534,728,591,553,405,324,732,608,107,432,952,744,863,361,144,433,497,910,741,595,143,378,962,573,629,961,847,752,943,692,980
46,5,2,5,4,0,1,5,0,1,6,2,0,7,4,2,2,4,5,0,2,6,5,6,8,3,5,7,4,6,5,2,6,1,5,6,9,2,9,5,7,3,7,2,4,4,9,1,3,1,4,368,255,182,632,856,265,296,707,239,958,575,917,480.5,846.8,618.5,747,265,916,897,579,113,358,128,411,560,522,595,322,779,220,625,681,761,993,444,385,500,660,757,301,520,237,852,658,249,213,945,292,738,948
47,3,5,7,8,0,1,5,9,1,1,9,7,7,4,2,5,1,0,5,2,2,2,4,5,6,1,4,8,1,4,2,0,7,3,6,9,2,6,2,3,0,1,6,4,7,6,5,4,1,3,590,546,618,838,208,284,148,399,643,890,493,711,476.5,850.8,625.5,876,377,248,579,858,399,340,293,783,405,437,630,574,321,812,470,395,401,901,890,255,984,691,311,232,584,816,397,296,918,988,252,268,272,479
48,6,0,4,5,0,1,5,9,3,2,1,8,7,4,2,0,0,1,6,3,2,3,7,6,7,9,8,1,1,7,1,1,2,8,0,0,1,9,1,6,1,9,1,5,5,4,8,7,1,8,843,330,326,471,636,597,613,269,675,347,122,868,482.5,848.8,625.5,272,106,732,302,162,580,985,405,291,111,800,259,256,311,606,220,253,957,937,539,448,797,929,673,801,128,480,611,717,415,996,490,977,679,616
49,1,4,1,6,0,1,5,1,2,3,0,2,9,2,6,8,1,2,3,0,6,0,4,8,8,5,5,4,2,2,1,1,8,2,4,9,2,2,5,1,7,9,6,6,5,1,8,6,2,2,371,373,525,264,826,598,857,353,747,382,604,623,478.5,846.8,621.5,753,569,995,376,465,404,431,279,694,399,112,868,107,426,255,853,173,216,356,688,239,736,113,208,485,276,548,873,438,528,871,411,565,910,288
50,4,8,1,4,0,1,5,1,1,3,2,6,2,3,2,7,4,9,1,8,6,8,1,2,1,7,4,2,6,4,4,1,2,5,8,8,8,2,5,0,5,3,9,4,8,4,2,5,1,3,193,330,756,805,185,527,242,569,593,474,364,228,481.5,845.8,625.5,124,386,283,426,631,191,891,320,863,266,355,854,303,151,883,756,760,737,124,424,826,719,125,811,569,839,640,764,409,127,299,139,244,885,547
51,2,1,2,3,0,1,5,1,4,1,8,5,9,5,7,9,1,7,2,9,7,7,9,1,9,1,6,2,0,2,8,7,4,1,6,0,6,6,1,6,7,5,3,3,3,4,9,4,1,2,398,830,360,465,868,115,953,982,122,158,583,633,475.5,845.8,624.5,877,889,529,992,484,180,440,133,830,225,266,674,874,183,344,919,793,899,132,640,680,532,220,552,917,495,967,264,853,285,533,383,661,358,295
52,5,7,9,6,0,1,5,6,9,1,3,1,8,6,8,9,8,7,1,1,4,2,6,4,9,8,1,4,4,7,4,9,0,1,2,4,9,6,2,5,9,1,4,5,8,2,7,2,6,4,428,462,972,195,269,357,153,329,310,245,345,102,482.5,851.8,618.5,405,328,226,797,285,107,765,199,559,946,197,615,584,243,265,536,466,744,703,644,223,247,126,498,110,184,933,770,522,408,569,180,363,994,171
53,8,5,8,8,0,1,5,7,6,0,8,1,9,6,9,6,0,3,9,2,5,2,6,9,7,6,0,8,3,0,1,9,5,5,0,3,6,8,2,8,1,2,0,9,1,1,9,9,0,6,149,431,481,485,122,557,758,346,525,569,579,682,479.5,846.8,624.5,454,402,605,423,463,371,460,471,758,718,379,801,724,679,290,758,417,896,345,694,494,855,728,969,838,140,631,733,560,371,621,520,262,940,443
54,6,6,6,0,0,1,5,2,8,0,3,4,6,3,3,1,6,9,4,5,8,3,7,2,8,2,4,1,8,3,2,1,9,6,2,2,1,8,3,2,5,6,0,5,9,1,2,6,8,5,878,188,794,161,514,737,508,225,937,467,595,239,475.5,847.8,622.5,360,516,555,845,750,955,226,310,216,363,428,922,527,284,297,394,654,241,186,578,580,270,914,602,602,721,680,434,675,197,882,672,925,222,846
55,0,1,5,7,0,1,5,4,1,5,9,6,8,2,5,5,9,3,5,8,6,8,9,5,0,0,5,9,2,5,9,4,0,1,2,2,4,2,2,3,8,5,1,1,7,0,1,2,1,5,467,798,236,266,938,189,203,825,113,765,299,997,480.5,854.8,626.5,972,275,149,956,373,737,263,648,933,232,191,706,203,993,460,243,580,797,248,657,983,850,930,234,201,196,105,300,341,891,430,599,806,249,221
56,7,5,7,1,0,1,5,7,0,8,7,1,1,7,7,0,9,0,7,7,0,1,8,2,9,4,1,4,7,6,9,9,1,8,8,8,4,3,2,0,1,1,9,9,7,3,0,3,0,7,607,959,614,162,963,464,836,151,608,734,216,982,477.5,849.8,621.5,265,338,325,126,241,550,212,720,914,776,780,870,716,300,113,156,188,414,266,671,360,193,116,991,130,677,529,756,668,880,200,836,957,299,273
57,0,7,8,2,0,1,5,9,8,5,4,9,9,5,3,3,0,6,4,3,6,0,2,3,1,5,1,8,9,6,8,8,4,5,3,5,5,8,7,5,9,7,6,5,6,5,9,5,6,4,985,279,309,791,827,205,614,845,399,162,342,881,477.5,853.8,622.5,164,708,132,430,354,846,915,851,415,223,712,504,558,208,220,858,170,184,773,102,681,929,986,270,732,548,572,259,587,167,956,196,740,281,607
58,5,5,5,2,0,1,5,0,3,1,2,4,3,1,7,8,4,2,2,4,6,2,4,9,0,7,5,5,9,8,6,4,3,8,9,0,9,6,0,5,5,7,0,0,4,3,8,3,7,8,877,409,928,200,228,450,502,922,937,124,860,631,476.5,852.8,625.5,197,410,649,101,361,777,141,410,309,260,745,678,374,628,107,417,476,133,335,592,927,726,634,403,819,569,498,234,400,489,792,358,960,949,412
59,6,6,6,5,0,1,5,6,3,1,0,2,1,1,9,4,1,5,5,4,9,7,9,6,2,3,6,6,1,9,7,0,9,5,8,4,6,9,2,1,5,1,2,8,7,0,0,2,3,9,107,811,318,508,857,896,448,495,171,224,972,875,479.5,847.8,625.5,177,826,556,248,552,412,747,152,808,625,127,569,832,833,117,421,108,631,593,390,595,278,796,801,931,679,235,138,527,344,255,179,951,500,137
60,2,9,3,5,2,4,1,1,7,0,1,7,0,1,1,9,0,1,9,6,9,8,1,4,8,9,3,2,1,6,1,2,1,2,4,7,6,5,9,9,2,5,8,4,1,0,6,8,5,1,200,571,461,588,315,488,895,733,907,722,891,545,284.5,648.8,421.5,258,983,206,127,389,935,216,553,687,795,554,189,748,393,710,536,912,843,535,566,427,772,667,549,623,204,231,318,319,210,665,942,335,563,332
61,0,8,5,4,2,4,1,4,1,8,8,3,7,4,3,6,0,5,9,6,8,1,3,1,6,4,3,8,1,6,4,3,0,6,6,8,5,1,5,9,2,1,0,2,6,8,9,8,6,8,993,698,470,568,223,745,841,458,961,408,325,256,284.5,647.8,418.5,186,452,969,310,661,268,597,799,382,107,626,543,642,258,112,357,743,809,560,771,965,430,708,800,774,961,968,777,204,314,106,529,690,646,667
62,4,5,8,9,2,4,1,0,9,5,8,4,9,0,2,1,8,0,1,4,1,5,8,5,3,4,5,6,0,2,0,5,4,4,8,5,4,8,7,1,6,1,8,3,4,6,7,2,2,4,686,323,814,592,765,899,131,864,763,769,371,453,276.5,648.8,420.5,966,716,207,303,250,495,765,485,614,261,155,859,261,110,276,587,199,867,180,263,735,469,511,335,670,584,335,459,489,466,529,603,525,865,973
63,5,6,7,0,2,4,1,3,8,9,1,1,7,2,7,9,7,5,3,2,7,9,0,8,6,6,8,7,2,7,3,6,6,1,1,2,2,3,0,2,4,5,6,4,0,3,0,3,7,0,434,651,595,576,413,528,986,209,538,297,858,624,276.5,646.8,420.5,947,539,504,984,698,700,458,226,102,530,354,104,672,897,369,689,406,660,281,286,508,902,132,993,439,933,156,464,842,389,196,583,761,879,323
64,6,8,4,6,2,4,1,5,7,2,4,5,3,9,0,9,1,6,2,5,2,5,7,0,4,9,4,5,7,2,3,7,8,0,2,2,8,0,5,1,6,4,6,7,8,9,2,3,6,5,816,344,648,336,489,610,444,982,504,868,386,768,278.5,650.8,417.5,355,735,282,879,629,963,467,928,488,728,385,922,912,331,710,257,783,541,492,921,217,739,449,397,192,618,493,822,624,482,450,692,114,260,161
65,7,7,5,1,2,4,1,7,7,0,6,8,6,1,8,2,3,9,6,9,0,2,3,4,6,7,0,2,1,9,4,7,5,6,8,9,2,7,9,2,2,0,3,0,2,0,9,0,8,7,680,276,322,859,567,117,746,481,926,273,602,177,277.5,647.8,418.5,199,224,869,417,383,324,566,419,486,700,787,124,312,481,207,824,489,691,609,519,371,566,921,606,333,274,156,227,401,975,853,633,868,170,391
66,9,0,8,3,2,4,1,9,1,0,1,4,0,5,8,6,7,4,1,9,8,4,0,8,6,4,3,0,7,1,8,1,0,1,8,2,1,6,7,9,0,2,8,1,0,6,5,5,2,2,483,579,623,793,628,867,921,453,363,157,980,503,275.5,654.8,421.5,872,737,887,122,472,909,783,814,938,890,995,201,364,510,286,677,805,618,170,189,700,767,988,166,748,874,604,592,373,656,275,587,123,397,146
67,3,6,9,7,2,4,1,1,9,1,1,4,0,9,3,9,8,2,2,5,3,4,5,0,8,1,2,8,6,0,0,5,3,6,9,4,8,8,2,6,5,4,9,0,5,2,8,0,8,2,915,807,220,654,655,938,456,409,857,114,212,538,276.5,651.8,425.5,759,127,520,190,440,376,390,539,990,948,366,778,786,574,115,313,893,446,383,226,141,639,773,153,102,527,187,145,244,371,972,269,269,139,201
68,9,6,1,1,2,4,1,4,1,7,0,4,0,3,6,9,5,9,0,7,6,9,8,5,0,4,8,7,3,2,9,3,6,0,3,7,6,3,3,5,5,1,8,5,6,0,8,2,1,1,851,615,922,999,107,170,799,876,254,561,904,215,278.5,645.8,418.5,970,599,434,295,180,348,766,773,860,154,212,883,194,424,692,507,399,500,213,414,360,535,336,425,397,441,472,715,192,280,792,143,900,496,549
69,9,1,7,9,2,4,1,0,8,4,0,2,6,8,6,4,4,6,8,8,6,3,7,5,2,9,4,5,2,0,0,5,1,1,0,3,8,2,0,2,4,0,6,5,9,1,8,9,9,9,774,251,414,989,242,915,258,711,492,903,110,588,277.5,650.8,420.5,888,710,110,971,310,456,221,494,851,387,619,270,667,424,760,372,397,941,789,216,389,115,574,286,420,922,959,865,730,936,182,954,787,661,747
70,0,9,4,8,2,4,1,1,9,5,0,3,9,0,6,1,7,8,1,1,5,6,9,7,4,9,7,3,5,8,9,0,3,5,1,2,6,5,9,5,8,1,3,3,3,7,6,1,4,9,299,580,231,891,292,414,802,919,447,457,937,597,282.5,650.8,418.5,371,464,601,548,297,590,574,786,256,325,293,738,537,776,863,291,467,832,547,651,911,176,797,877,984,595,666,559,614,978,643,601,249,814,497
71,7,3,2,3,2,4,1,2,3,7,2,0,8,9,0,7,6,3,3,7,3,6,3,9,9,3,3,0,7,8,8,5,0,6,9,6,4,8,1,7,6,6,3,9,1,7,0,2,6,8,551,351,711,238,789,505,789,580,381,595,217,523,277.5,646.8,419.5,614,613,153,312,948,465,609,772,509,414,601,155,980,740,480,352,203,723,398,227,679,175,929,697,650,325,245,252,800,173,965,801,679,806,654
72,6,0,6,3,2,4,1,9,4,4,6,1,1,7,5,3,8,9,0,1,3,6,7,1,9,2,5,3,6,6,4,3,2,6,8,1,9,8,6,5,6,1,4,9,2,7,1,4,0,6,909,560,310,255,203,379,765,969,632,705,779,314,278.5,652.8,426.5,384,316,783,921,921,431,802,490,343,431,114,271,329,995,849,666,164,166,955,585,868,925,918,337,415,479,788,902,701,330,990,161,313,520,275
73,5,8,9,3,2,4,1,7,6,8,6,9,2,6,8,8,4,2,7,5,1,8,0,1,5,2,1,3,3,4,5,7,3,0,6,0,7,3,7,3,2,1,9,3,0,5,1,0,6,0,351,991,535,268,982,275,446,263,291,729,216,227,278.5,645.8,420.5,571,686,460,845,756,522,496,342,734,768,203,930,556,856,555,397,690,187,386,735,964,420,164,415,140,379,530,690,857,873,580,852,141,284,269
74,6,4,6,8,2,4,1,8,3,2,2,1,4,9,5,4,1,2,8,0,6,7,6,5,7,5,9,5,3,7,2,2,3,8,0,2,5,2,3,9,1,6,4,3,7,8,3,9,2,9,471,363,135,111,165,731,715,764,430,586,876,400,279.5,647.8,420.5,253,832,135,554,843,341,864,353,713,244,535,724,749,344,398,446,808,276,471,529,539,627,957,272,148,463,325,105,907,881,237,793,900,671,589
75,1,1,1,1,2,4,1,4,0,5,7,2,8,0,1,0,9,6,8,2,8,2,9,0,7,1,2,1,6,4,9,3,2,8,6,3,6,3,4,5,2,1,5,4,1,9,8,8,9,7,307,759,364,447,370,489,393,104,965,230,855,909,276.5,651.8,423.5,421,572,159,812,875,648,727,980,200,212,740,454,218,932,685,817,718,449,175,141,755,391,497,455,123,876,413,794,449,405,637,398,775,436,784
76,8,7,2,8,2,4,1,5,5,9,5,0,1,1,5,9,3,0,5,3,3,5,1,0,3,1,8,5,4,0,4,5,6,9,1,0,0,8,1,6,9,5,1,8,2,3,2,4,1,9,498,111,566,588,777,637,394,908,409,416,145,199,277.5,648.8,424.5,391,498,161,240,222,731,908,283,914,197,330,391,338,979,228,919,839,381,930,406,728,360,749,820,340,592,861,302,406,610,776,859,618,277,146
77,0,6,6,0,2,4,1,7,2,9,8,1,4,6,2,7,6,1,6,4,1,0,9,9,2,0,5,4,6,4,1,0,3,8,6,6,9,0,8,3,9,5,6,2,1,6,5,6,8,5,465,625,364,904,352,134,815,314,396,169,126,377,284.5,649.8,417.5,611,675,802,589,784,988,659,332,265,171,229,902,213,803,508,859,945,368,176,275,751,181,829,793,264,648,607,186,287,509,930,159,581,480,109
78,5,6,4,7,2,4,1,7,4,3,7,8,9,1,0,8,8,7,1,3,0,1,0,7,9,2,8,7,3,4,5,9,3,4,8,0,3,1,9,9,2,1,2,6,1,6,1,2,2,1,707,352,359,877,557,185,414,138,237,158,510,187,284.5,654.8,425.5,711,429,706,302,714,906,769,160,825,750,322,480,371,881,418,428,980,834,356,373,817,120,916,337,545,338,199,148,859,591,692,396,928,608,603
79,5,4,1,0,2,4,1,7,7,0,3,5,2,4,4,8,7,0,9,0,5,9,8,3,9,6,3,7,0,6,5,6,3,4,1,9,3,0,5,5,3,5,5,0,0,1,9,9,4,5,472,485,200,799,159,104,881,341,665,629,772,571,278.5,646.8,420.5,711,346,266,214,189,990,354,656,832,198,802,464,391,633,687,819,190,996,400,275,897,415,720,281,365,685,520,342,426,411,903,730,318,196,963
80,0,0,3,3,2,4,1,3,4,2,4,0,7,9,0,1,1,6,3,8,1,3,1,5,2,9,3,5,0,1,4,4,0,7,0,1,2,4,6,0,7,1,3,9,6,0,5,0,9,4,756,772,563,996,856,543,395,794,765,857,827,729,282.5,648.8,424.5,279,416,462,379,576,669,390,443,307,429,772,237,917,838,639,904,414,152,380,524,698,355,387,123,649,467,155,435,365,819,182,765,835,199,114
81,8,3,0,6,2,4,1,2,7,5,3,5,9,3,2,1,2,5,0,4,3,9,2,9,9,8,0,6,4,4,5,3,3,1,4,8,5,0,0,3,4,1,3,3,2,8,3,3,8,7,498,966,986,689,542,517,103,137,151,739,216,105,278.5,652.8,419.5,740,769,280,460,753,592,646,163,850,344,425,800,393,228,148,182,791,566,550,103,532,905,483,737,296,410,111,484,344,180,690,695,166,721,140
82,2,5,9,9,2,4,1,2,5,6,1,0,7,4,7,7,8,6,6,1,2,0,3,0,2,8,7,2,4,0,7,0,8,0,0,8,7,8,9,8,0,3,0,5,2,4,9,2,9,2,482,878,831,649,748,615,725,711,577,420,195,300,281.5,652.8,421.5,199,786,987,653,744,725,259,466,728,524,641,505,726,944,165,885,970,466,983,359,231,209,474,138,790,543,385,586,239,443,879,343,162,330,265
83,2,1,3,6,2,4,1,6,5,9,8,5,7,8,7,8,0,4,2,9,5,7,0,9,4,3,0,6,8,7,3,3,9,6,6,5,8,4,7,4,4,7,9,9,8,5,1,6,8,7,529,428,301,121,191,128,680,293,475,930,298,874,282.5,651.8,425.5,274,651,829,667,451,133,834,904,763,993,352,883,571,347,581,657,481,167,537,843,210,606,811,343,165,727,374,156,222,977,802,205,538,870,322
84,0,1,9,3,2,4,1,8,6,7,5,0,3,8,9,6,2,0,2,4,1,0,5,1,6,4,1,3,2,1,2,9,0,5,9,7,8,1,3,5,1,9,4,1,8,7,6,1,8,8,926,389,147,868,496,952,354,877,262,177,609,869,278.5,654.8,420.5,326,983,220,491,344,755,665,329,773,883,508,816,502,714,218,457,461,137,969,553,956,874,440,648,135,745,885,508,206,750,428,320,904,456,101
85,5,8,1,4,2,4,1,7,2,9,5,0,0,6,1,0,9,2,6,9,3,9,6,3,4,3,8,5,7,7,8,6,7,5,3,5,8,3,4,7,6,5,3,9,4,0,7,6,4,5,819,999,114,819,590,816,486,163,577,359,491,955,283.5,648.8,424.5,246,956,969,251,786,728,386,705,528,463,542,699,875,201,427,212,307,471,954,580,200,557,776,600,788,441,406,399,695,679,310,901,625,840,590
86,5,1,2,8,2,4,1,0,0,7,4,8,5,6,2,0,5,0,9,9,4,4,0,4,2,3,9,7,5,9,6,1,7,0,0,2,7,7,6,2,9,3,3,4,0,5,7,4,6,7,682,803,664,382,247,574,800,142,488,610,596,832,282.5,646.8,418.5,559,814,832,478,637,243,632,707,541,618,951,558,600,533,319,636,657,159,822,230,331,774,389,703,121,860,253,804,554,350,640,182,643,679,608
87,2,2,2,8,2,4,1,3,8,6,7,5,4,3,4,6,4,1,9,7,3,1,9,8,8,7,6,2,5,3,4,8,1,6,9,7,7,9,4,5,5,7,8,5,3,8,0,9,5,5,133,470,769,521,958,800,836,663,999,385,464,876,282.5,648.8,426.5,386,910,628,475,854,888,247,422,554,532,473,648,307,325,690,998,803,881,505,585,713,226,268,954,759,162,869,859,184,215,207,117,658,729,653
88,3,4,1,6,2,4,1,8,6,2,2,9,4,9,3,9,3,7,4,6,5,3,6,8,9,6,3,1,6,5,8,6,3,1,1,5,3,3,1,0,0,1,7,3,6,4,1,7,1,3,474,630,564,458,257,333,173,201,167,846,951,598,277.5,647.8,421.5,343,867,199,750,901,197,229,371,876,729,670,493,794,809,366,818,109,215,605,355,512,176,184,503,713,288,262,427,115,720,722,432,329,324,357
89,3,3,2,4,2,4,1,7,0,9,2,7,5,5,7,3,2,9,5,5,1,9,5,1,3,8,3,1,6,3,3,3,5,3,4,8,7,6,3,9,6,8,2,9,6,9,7,7,7,6,921,874,918,308,401,930,879,974,698,810,279,212,275.5,647.8,421.5,497,520,531,747,358,964,117,457,949,804,922,948,239,892,699,831,234,482,199,132,641,732,935,275,761,727,709,995,494,986,862,122,320,744,468
90,8,8,7,4,2,4,1,1,2,1,9,6,6,6,6,2,3,5,4,1,1,3,8,8,6,6,7,8,7,0,2,3,9,3,9,3,4,7,7,3,9,8,9,8,1,2,7,4,5,6,270,491,701,439,986,145,173,251,824,686,694,776,282.5,647.8,417.5,286,208,823,685,994,694,898,115,889,436,716,652,453,947,257,375,638,305,246,117,816,898,704,317,285,281,755,966,651,958,275,391,408,941,897
91,8,0,4,8,2,4,1,2,5,8,4,0,5,1,4,2,9,7,5,7,6,8,7,0,1,1,1,3,8,5,7,8,3,5,8,0,4,3,2,4,5,6,9,2,2,7,0,5,4,7,844,420,746,433,214,945,775,374,807,549,309,971,284.5,651.8,418.5,417,947,110,962,369,388,569,905,120,140,906,907,962,297,182,684,918,540,161,562,217,329,711,246,356,576,254,226,196,645,772,783,724,151,391
92,2,2,5,9,2,4,1,0,5,0,6,2,2,5,2,4,8,2,9,2,4,3,2,6,0,2,0,3,2,7,1,1,3,2,8,5,8,8,0,9,8,7,7,8,4,9,8,3,4,0,683,276,893,769,370,709,576,811,965,245,852,968,281.5,650.8,425.5,838,628,364,287,962,806,427,491,500,671,406,350,485,561,139,456,286,559,159,962,129,636,760,680,666,979,456,787,971,166,935,551,921,134,216
93,8,5,8,7,2,4,1,6,3,8,5,7,6,4,4,6,5,2,3,6,7,6,7,6,4,8,0,6,2,6,6,3,2,1,6,3,2,8,1,2,4,2,6,3,3,0,1,5,6,8,753,331,828,532,213,152,700,138,931,531,450,105,275.5,651.8,425.5,833,309,456,663,309,251,153,809,122,961,515,820,157,779,175,920,483,654,950,909,419,323,557,839,933,586,476,188,545,731,334,764,420,248,628
94,9,3,7,0,2,4,1,1,2,6,6,0,5,5,2,2,3,1,6,9,1,7,0,3,3,4,9,7,2,6,2,7,1,9,6,8,5,8,0,2,1,4,7,4,7,4,8,5,5,9,611,714,565,922,255,281,167,245,766,211,411,413,278.5,650.8,422.5,191,988,483,836,203,272,592,978,864,408,312,923,504,872,436,132,517,697,189,291,708,868,703,525,995,796,967,441,175,158,810,809,681,492,871
95,8,8,4,1,2,4,1,7,0,9,9,6,3,6,6,1,8,0,4,0,0,2,8,8,3,2,6,8,7,1,5,6,3,7,7,2,1,4,4,0,4,9,2,3,5,7,3,5,3,6,281,312,793,273,339,264,737,663,446,629,497,583,277.5,645.8,419.5,398,458,171,563,537,744,381,374,736,315,147,143,709,752,471,207,310,296,446,800,222,308,852,502,855,468,122,872,264,840,304,216,632,267,218
96,6,7,7,8,2,4,1,8,3,4,0,9,4,3,1,1,4,0,4,3,8,9,8,8,4,8,2,4,5,4,0,2,9,7,8,9,2,0,7,9,0,3,3,1,6,3,8,0,1,3,514,372,368,649,255,835,834,363,786,614,457,208,280.5,650.8,425.5,985,990,637,626,111,930,662,596,671,682,757,498,650,871,113,781,787,465,929,107,494,865,228,920,762,141,619,851,443,993,130,496,350,396,318
97,9,4,9,4,2,4,1,1,7,3,4,3,3,5,4,5,6,4,6,9,3,9,5,2,6,5,7,2,1,3,1,2,9,0,2,5,1,0,6,5,6,3,8,7,0,7,4,6,9,9,602,980,303,933,721,541,241,639,939,283,595,755,279.5,651.8,418.5,212,533,119,956,712,533,338,667,847,529,593,206,163,988,479,104,360,824,421,690,600,113,206,153,417,932,818,836,105,680,514,392,127,752,764
98,2,2,5,1,2,4,1,3,3,4,8,8,8,2,0,7,9,3,9,1,1,8,0,7,3,0,2,7,7,2,0,3,8,4,7,9,0,6,1,6,7,2,9,1,7,1,8,9,5,0,860,237,541,495,364,574,200,309,113,515,685,395,278.5,649.8,418.5,254,959,582,558,369,485,628,778,599,102,628,882,728,515,948,297,795,996,521,437,554,617,890,806,503,227,204,736,519,593,365,603,401,926,969
99,6,5,4,8,2,4,1,3,0,5,1,6,2,0,1,2,1,7,0,0,9,8,2,9,5,6,9,8,7,0,1,0,1,0,1,4,7,5,9,6,2,7,7,8,8,2,3,7,4,8,422,606,968,300,427,464,381,703,723,918,820,577,280.5,648.8,422.5,331,754,209,821,933,307,872,737,502,562,972,185,853,520,731,973,213,743,363,748,864,952,353,239,614,967,559,935,373,737,120,477,170,152,850
100,9,2,0,6,2,4,1,4,6,1,8,3,3,4,1,1,7,0,0,4,2,9,3,2,0,2,6,9,4,6,6,9,5,3,1,3,1,7,7,2,9,7,9,2,5,4,4,5,0,9,480,901,511,220,995,377,600,329,125,516,637,342,278.5,649.8,424.5,773,740,351,445,324,159,590,384,601,945,344,173,469,974,500,311,795,948,434,880,358,142,707,876,789,691,188,924,393,553,711,479,700,404,337
101,3,4,6,8,2,4,1,1,7,4,5,9,9,8,2,4,5,6,5,6,5,6,9,0,4,3,4,0,4,7,1,4,6,3,0,1,7,8,8,8,9,6,4,1,7,4,2,7,1,8,469,289,689,511,910,333,299,606,296,788,569,126,279.5,649.8,426.5,871,178,892,231,115,284,710,136,893,287,704,147,992,270,370,342,194,992,699,489,800,137,667,214,922,570,441,181,438,833,682,356,677,545,225
102,4,7,9,9,2,4,1,8,4,2,0,6,5,6,8,6,4,4,9,1,2,1,4,1,3,5,3,7,8,8,4,2,2,1,4,7,7,9,4,7,7,9,9,4,5,2,1,6,2,4,997,893,786,366,820,930,829,744,966,799,501,768,279.5,652.8,426.5,771,211,129,899,878,919,815,124,919,471,210,408,235,147,118,292,342,129,497,515,897,690,728,877,763,916,546,764,932,189,759,340,200,731,839
103,0,8,4,7,2,4,1,8,4,1,0,5,5,4,2,4,2,8,2,1,1,9,4,9,8,6,6,1,3,3,2,4,9,5,7,4,2,9,3,8,6,0,6,6,7,4,9,2,2,8,432,153,204,104,798,636,641,448,428,647,167,718,283.5,646.8,420.5,481,739,602,138,807,326,875,958,562,967,964,381,384,123,995,871,808,703,387,773,531,953,218,857,946,419,924,771,310,853,109,278,511,173,555
104,9,0,1,6,2,4,1,0,2,6,7,4,1,4,4,7,1,4,3,3,1,3,1,2,9,0,5,9,2,0,4,4,0,7,0,6,8,5,8,9,4,7,1,0,6,6,9,3,2,3,742,523,272,663,924,934,981,443,437,172,309,759,282.5,653.8,423.5,479,291,843,235,445,196,977,923,252,403,222,997,130,771,304,604,474,237,209,791,146,661,331,858,761,939,309,920,730,125,768,343,543,440,196
105,2,9,6,6,2,4,1,3,3,7,6,1,0,0,9,2,0,6,1,6,8,0,0,5,3,1,4,5,1,6,8,9,7,2,3,5,8,0,2,8,8,8,1,7,8,5,8,1,1,0,273,239,264,118,171,308,719,199,416,888,180,305,275.5,654.8,418.5,655,430,914,135,235,640,364,246,123,388,277,438,105,460,980,148,955,715,233,263,146,754,604,548,713,244,948,964,302,125,897,851,942,748,305
106,5,8,5,1,2,4,1,2,3,5,0,2,4,4,1,9,3,0,4,6,4,3,2,5,6,6,7,2,1,7,8,3,8,1,6,5,5,1,8,4,8,3,1,4,9,3,3,1,1,5,374,873,582,441,725,534,582,799,540,434,696,307,278.5,652.8,421.5,236,144,670,122,793,298,348,680,851,232,206,296,691,443,217,654,337,657,262,922,460,680,669,234,742,558,109,951,386,210,411,209,110,453,874
107,3,7,3,0,2,4,1,0,7,6,8,9,5,7,3,5,0,9,7,3,0,0,4,3,3,3,0,0,7,3,6,6,8,2,6,8,7,7,4,6,9,8,8,1,2,9,2,6,3,3,663,777,310,421,323,910,859,964,265,880,212,425,276.5,652.8,418.5,191,541,130,985,601,121,351,189,657,116,907,926,941,603,197,575,839,367,663,443,614,132,898,536,379,574,967,780,589,314,330,167,877,244,281
108,5,6,0,6,2,4,1,7,6,8,1,6,2,9,1,4,5,1,2,5,7,7,4,8,0,8,9,8,5,2,8,8,8,4,8,5,3,9,4,2,1,8,5,4,0,4,4,0,9,7,977,685,710,142,354,759,845,246,171,539,315,211,284.5,645.8,425.5,154,529,771,503,306,439,902,807,397,710,740,608,664,833,631,193,767,644,168,103,101,873,420,115,395,294,535,509,635,627,227,571,327,970,501
109,6,1,0,2,2,4,1,7,8,0,3,4,5,5,1,0,5,6,7,3,0,1,8,0,8,7,6,3,5,1,4,8,1,4,0,6,1,6,0,9,6,2,5,5,3,4,9,3,3,9,441,516,318,278,342,550,532,725,578,233,813,836,284.5,653.8,418.5,263,828,886,172,551,621,527,343,906,635,198,131,501,862,787,445,227,140,904,822,826,624,996,126,203,798,539,419,962,327,957,733,164,941,407
110,1,4,8,3,2,4,1,0,0,6,0,7,8,0,6,9,8,1,8,0,5,2,0,6,9,9,9,3,1,3,2,3,4,9,5,9,4,9,0,5,5,4,2,0,2,5,6,2,9,2,109,462,674,520,505,783,459,748,556,807,454,429,281.5,649.8,422.5,721,399,833,410,629,689,403,948,591,413,520,578,921,942,415,953,449,345,188,992,637,513,427,240,132,216,647,471,275,401,222,921,396,813,617
111,9,0,7,8,2,4,1,4,8,8,8,9,8,4,2,3,7,1,8,2,2,0,7,6,0,8,5,5,4,5,3,2,9,5,0,5,0,7,5,8,9,8,0,7,5,1,7,6,1,8,386,619,414,403,531,455,499,427,432,283,767,983,280.5,646.8,417.5,737,452,889,157,826,608,181,828,416,202,105,628,676,584,621,784,183,875,903,741,367,833,805,888,194,430,144,493,617,256,589,246,393,873,312
112,3,5,3,3,2,4,1,1,5,3,7,8,0,1,6,1,5,0,0,5,0,7,3,7,1,0,0,6,6,8,3,5,4,3,1,8,0,0,4,5,8,6,8,2,7,2,1,3,9,9,118,180,877,721,691,594,977,478,478,780,271,849,278.5,648.8,425.5,716,122,998,359,176,464,794,319,247,780,749,927,918,367,861,515,331,275,276,189,782,512,999,403,311,421,730,812,765,946,726,810,187,610,160
113,3,2,3,8,2,4,1,9,6,5,0,1,1,6,9,7,5,2,9,6,1,9,2,0,7,0,1,7,8,8,5,9,4,3,2,6,6,4,6,7,4,9,0,6,7,1,7,1,4,2,434,694,250,979,299,828,785,478,364,121,162,222,275.5,654.8,426.5,359,573,406,229,752,195,725,482,156,679,752,818,653,622,523,537,475,193,800,119,409,141,182,742,414,826,627,857,699,638,298,729,906,750,566
114,9,3,8,0,2,4,1,3,8,4,0,5,7,3,1,3,3,4,2,5,0,7,8,4,7,3,1,7,3,8,6,5,9,9,6,0,1,6,4,2,7,2,5,2,4,7,1,8,5,4,389,918,445,236,305,934,543,516,319,822,264,543,283.5,654.8,426.5,642,259,323,134,906,208,767,158,645,593,270,422,736,699,230,833,674,729,610,124,425,880,611,926,192,316,197,194,760,701,830,655,243,682,108
115,6,1,1,8,2,4,1,8,6,4,9,6,9,7,4,3,3,6,2,8,1,2,0,1,1,0,3,4,4,1,0,4,5,9,5,1,3,6,4,8,4,5,7,0,0,3,6,5,1,0,844,372,311,748,641,140,662,605,435,265,730,389,284.5,651.8,423.5,450,362,750,775,377,322,432,352,555,578,474,279,918,559,649,168,853,904,785,264,152,998,109,185,524,674,109,897,777,719,546,631,425,673,102
116,7,5,0,5,2,4,1,6,9,9,0,0,6,1,0,4,3,9,2,7,3,8,0,6,7,0,1,2,2,9,6,3,9,1,1,8,0,6,4,7,4,7,8,8,7,8,0,9,2,5,174,617,502,575,368,296,716,240,200,576,539,249,282.5,649.8,417.5,674,656,980,522,453,904,399,123,282,114,571,494,519,788,647,960,742,183,119,128,310,874,597,696,770,178,851,167,269,154,161,294,291,136,937
117,8,5,0,1,2,4,1,2,0,6,4,6,1,9,8,4,4,4,0,6,8,3,5,7,5,0,1,6,9,9,9,0,5,0,6,2,6,8,5,1,3,2,0,0,0,9,4,3,6,7,267,799,538,567,431,818,506,345,209,343,871,674,281.5,647.8,421.5,315,407,292,351,647,668,930,262,164,512,450,724,328,718,592,834,978,297,560,667,570,814,751,757,994,460,417,636,177,656,622,339,328,554,645
118,4,1,1,2,2,4,1,1,1,6,6,5,3,2,4,8,9,9,0,0,1,1,6,5,0,6,2,7,1,9,7,2,4,8,4,4,6,4,6,0,5,1,5,5,2,7,5,8,9,4,110,705,554,745,610,740,939,397,326,448,859,222,276.5,645.8,425.5,757,451,358,382,545,324,630,894,231,723,182,950,764,372,580,839,697,832,258,309,479,200,628,590,569,829,894,817,933,635,771,318,446,847,818
119,0,2,7,6,2,4,1,3,5,6,2,1,6,1,6,0,4,6,5,4,9,7,4,6,0,3,6,8,5,7,4,9,0,4,8,6,2,0,7,5,1,9,2,5,3,8,1,8,8,5,971,403,710,562,657,549,380,807,125,536,591,866,275.5,648.8,424.5,338,987,529,304,478,660,607,416,448,806,567,469,474,773,725,457,792,629,514,268,812,625,170,679,334,406,695,501,614,808,110,838,275,541,534
120,6,8,0,6,4,7,9,2,7,9,5,4,7,7,3,3,2,6,5,5,9,0,4,1,5,8,8,8,4,5,3,4,4,8,0,7,6,4,0,2,1,5,4,6,6,3,5,4,8,6,412,943,486,986,800,626,882,955,184,630,253,594,683.5,1047.8,819.5,531,106,919,707,448,449,226,879,650,271,976,408,399,851,913,623,904,688,853,545,293,251,231,835,409,597,638,910,115,338,317,368,183,917,335
121,9,9,3,8,4,7,9,8,4,7,6,7,9,5,9,7,9,4,9,6,8,1,1,8,6,3,2,1,5,8,2,3,9,7,6,9,7,8,7,7,7,8,1,0,4,7,1,5,2,7,651,758,587,769,334,291,744,232,479,796,682,715,677.5,1046.8,823.5,236,723,595,934,819,197,906,317,274,445,392,558,583,395,501,105,685,114,329,919,101,645,679,657,197,765,432,892,842,627,205,441,346,545,440
122,6,9,5,4,4,7,9,7,5,8,5,6,9,4,7,1,8,8,7,0,8,5,7,9,6,4,7,2,7,1,7,2,1,5,2,6,0,3,9,2,0,7,4,3,9,1,5,3,1,8,387,422,328,600,916,570,997,446,967,596,516,712,684.5,1050.8,818.5,749,570,800,900,909,138,795,711,967,425,187,513,578,456,198,175,121,236,320,283,985,233,394,704,257,659,659,711,187,378,890,320,528,753,131
123,2,8,9,0,4,7,9,0,9,4,6,8,6,0,1,6,5,5,2,5,0,0,9,9,2,8,6,5,6,3,8,2,6,8,4,9,0,9,2,2,9,0,7,1,1,6,1,4,5,1,584,416,391,972,535,833,310,676,543,306,843,841,677.5,1051.8,824.5,352,173,692,617,985,575,174,557,870,244,120,275,556,551,571,543,223,931,952,541,142,514,571,515,793,939,807,298,980,968,318,871,187,582,558
124,9,0,3,2,4,7,9,2,8,5,9,6,5,2,2,0,3,2,7,6,4,5,8,3,3,3,3,8,4,8,8,8,9,5,0,4,1,8,4,7,6,2,9,4,3,7,1,7,9,1,231,217,298,758,885,110,951,290,333,413,410,233,675.5,1053.8,825.5,527,253,312,730,683,131,586,101,891,883,879,137,164,607,340,805,233,572,680,528,937,340,453,304,333,814,545,984,985,548,127,491,548,644,594
125,4,4,6,9,4,7,9,2,3,0,5,3,6,6,1,6,4,2,9,8,5,8,0,2,7,7,6,1,9,7,0,4,9,2,1,6,8,4,0,7,3,6,3,8,7,9,6,6,6,5,980,985,576,361,808,394,957,467,442,744,614,758,678.5,1052.8,826.5,361,585,129,725,290,998,632,486,493,952,135,239,350,937,185,546,845,319,149,931,806,220,826,265,262,441,537,173,409,790,875,751,693,975,644
126,4,9,8,1,4,7,9,2,1,7,9,4,8,3,6,2,6,2,6,7,1,5,2,5,3,4,6,5,5,1,1,0,2,5,5,5,7,7,9,6,0,0,0,9,6,6,1,4,6,8,253,226,847,448,248,516,757,969,399,944,972,526,682.5,1047.8,826.5,767,782,227,508,733,204,724,687,265,347,992,115,123,901,705,541,996,442,451,344,161,541,759,403,546,839,571,773,629,791,802,993,170,999,345
127,7,9,1,5,4,7,9,3,7,2,8,3,2,0,6,4,1,2,6,8,6,2,8,5,7,7,0,1,6,6,3,6,2,3,8,3,4,3,3,7,6,1,2,2,2,5,3,6,8,1,590,258,831,913,754,687,513,313,848,245,980,712,678.5,1054.8,818.5,274,679,456,565,891,827,313,870,187,863,913,132,897,755,819,246,611,251,101,744,476,977,669,253,883,256,667,579,842,191,962,252,450,673,419
128,9,5,2,2,4,7,9,9,7,8,4,1,2,2,6,1,6,4,3,1,8,2,5,9,6,8,3,3,1,7,2,3,5,0,7,9,8,8,7,5,9,1,5,1,9,8,6,6,8,6,204,627,843,110,868,367,350,681,341,896,663,218,680.5,1051.8,820.5,693,149,632,314,505,191,956,990,495,143,656,677,179,859,889,571,134,173,540,161,286,686,397,451,917,853,359,787,769,274,795,568,497,117,393
129,8,8,6,9,4,7,9,2,0,0,5,8,8,6,3,9,1,0,5,6,1,2,2,2,4,4,9,9,2,4,0,4,6,2,8,2,2,9,5,8,4,3,5,4,5,3,1,4,1,9,843,390,452,671,741,835,542,192,865,772,770,724,680.5,1047.8,822.5,135,411,812,777,780,491,235,590,374,704,870,991,861,788,478,759,919,311,506,971,550,861,770,507,640,805,605,775,148,965,948,823,593,773,329
130,3,1,4,6,4,7,9,1,1,6,2,0,7,7,4,4,0,0,1,5,2,1,8,6,9,1,1,4,6,2,2,7,7,2,5,6,6,5,1,6,3,2,3,5,4,9,2,8,0,3,941,582,895,382,169,532,876,776,440,747,181,863,678.5,1047.8,824.5,385,364,652,613,237,278,374,652,160,855,689,130,960,307,456,229,968,837,542,233,407,447,742,213,447,134,197,614,222,377,389,888,835,986,726
131,5,6,2,2,4,7,9,4,3,2,1,7,6,8,3,9,9,5,3,5,3,4,7,1,3,1,1,8,4,1,2,7,7,9,0,1,4,2,6,6,3,2,6,6,6,0,2,0,8,6,401,593,491,428,479,455,210,476,747,967,253,944,675.5,1046.8,818.5,525,433,649,989,956,643,593,481,553,152,975,941,629,680,695,201,459,486,657,564,600,899,583,940,786,104,118,597,986,256,111,644,159,633,963
132,0,5,2,0,4,7,9,7,2,6,6,1,3,4,4,9,1,6,4,4,6,1,2,8,9,9,9,4,9,9,7,7,9,0,8,9,4,4,2,4,0,9,8,1,5,6,2,0,4,6,655,887,550,873,359,412,267,797,584,634,797,403,681.5,1053.8,817.5,266,942,671,189,419,474,912,426,646,910,681,863,465,908,695,249,630,352,138,875,942,735,233,887,669,229,755,721,955,763,176,688,696,142,171
133,0,1,2,2,4,7,9,8,8,9,7,8,8,4,8,2,3,8,9,9,6,1,9,6,5,4,5,5,4,8,0,7,7,2,3,5,0,1,3,6,0,5,7,7,0,8,6,3,1,6,400,148,371,339,413,175,116,152,807,635,332,733,681.5,1046.8,823.5,133,803,280,337,712,950,745,254,466,901,649,348,498,122,861,623,494,301,406,858,416,180,499,399,137,679,659,840,890,620,271,108,591,466,483
134,9,9,9,7,4,7,9,5,3,0,8,7,3,5,7,4,3,2,2,3,2,2,6,5,6,0,1,4,1,5,8,5,4,6,6,0,3,6,0,5,8,4,0,1,3,4,3,9,3,2,578,743,380,695,194,490,454,805,547,179,960,411,682.5,1052.8,825.5,123,865,232,976,830,460,574,109,884,485,266,302,952,261,231,172,625,134,704,616,158,396,531,788,892,870,326,795,772,618,612,229,250,127,242
135,4,3,0,9,4,7,9,5,7,8,7,2,2,2,8,7,2,6,8,2,8,4,2,8,1,7,5,5,5,4,8,8,6,9,6,8,1,8,8,5,3,2,0,6,2,5,4,4,5,7,727,135,118,749,723,149,865,187,826,220,335,670,675.5,1049.8,825.5,539,503,380,418,601,661,606,590,656,108,496,124,827,851,301,579,544,625,724,971,918,454,375,752,906,300,110,194,450,253,312,720,562,507,753
136,4,6,9,2,4,7,9,3,7,0,7,5,7,5,3,9,2,3,8,6,1,2,0,8,4,0,7,6,5,6,8,0,8,8,9,2,5,8,1,5,7,4,1,5,4,2,8,1,7,4,317,490,358,679,835,161,395,557,104,792,842,401,675.5,1046.8,823.5,474,319,944,943,613,729,444,573,778,108,733,987,807,489,982,432,905,149,251,632,382,334,229,131,345,873,678,345,392,670,349,700,647,222,918
137,8,8,1,5,4,7,9,3,1,6,0,3,9,0,2,3,5,5,0,6,3,4,2,4,3,6,6,2,6,3,9,2,1,9,2,7,5,1,1,6,4,7,1,8,1,5,6,4,7,5,520,231,404,241,937,458,392,188,682,770,955,537,676.5,1051.8,825.5,610,891,680,793,426,405,686,167,511,575,350,752,468,211,195,466,830,362,923,971,271,986,300,113,414,238,525,928,592,421,529,137,914,999,476
138,3,9,9,7,4,7,9,8,3,8,7,3,6,1,5,1,2,6,4,7,2,7,6,0,8,0,4,9,6,8,3,7,9,3,4,1,9,9,9,7,2,4,1,9,6,8,6,7,7,0,860,883,823,799,630,276,900,153,380,750,828,549,679.5,1049.8,825.5,715,259,517,850,497,355,271,468,487,479,376,103,475,992,314,582,648,262,873,893,471,257,889,306,512,508,883,583,252,986,473,522,420,911,122
139,0,6,9,3,4,7,9,9,1,5,0,1,6,7,1,1,5,6,0,7,2,8,1,6,8,1,1,9,5,1,8,9,6,4,1,9,6,7,9,4,6,4,4,5,2,9,0,0,0,7,599,732,700,562,912,844,236,786,867,244,804,596,678.5,1048.8,819.5,994,635,445,196,619,469,409,213,425,116,325,376,871,625,278,424,132,695,190,713,673,902,300,149,921,921,687,419,263,361,268,154,680,457,662
140,8,0,0,0,4,7,9,8,4,4,8,5,3,6,2,9,6,3,2,2,7,9,6,7,8,9,6,2,6,7,5,6,3,0,9,2,1,5,4,8,0,1,2,7,6,5,2,7,9,7,566,204,339,576,166,336,350,987,127,773,937,699,679.5,1051.8,826.5,298,517,607,543,937,771,666,991,662,795,614,519,389,130,729,949,412,718,783,842,563,974,206,542,660,127,643,666,873,799,978,408,323,711,576
141,4,8,7,7,4,7,9,3,9,1,6,2,0,7,3,5,8,6,3,9,3,3,0,8,2,5,7,6,7,5,3,5,2,5,9,6,2,6,9,2,5,9,9,1,2,3,3,6,9,6,703,861,994,327,211,478,932,323,925,583,499,423,679.5,1047.8,817.5,558,153,412,473,847,881,544,733,665,161,834,889,876,923,716,748,533,126,927,425,200,510,747,455,855,640,927,351,991,497,407,702,199,190,157
142,3,0,0,8,4,7,9,3,6,7,6,4,5,0,3,4,9,1,3,9,5,1,5,9,6,1,0,9,1,3,5,9,9,3,7,1,4,0,5,7,1,6,2,4,3,6,7,8,5,3,885,537,479,955,922,411,587,958,176,692,912,118,678.5,1048.8,825.5,613,116,482,508,775,339,528,913,244,212,418,929,678,733,691,186,116,838,360,555,419,728,268,991,201,481,890,767,415,821,749,643,402,694,778
143,1,7,1,1,4,7,9,6,2,8,8,3,0,8,6,2,8,2,4,4,6,6,3,6,9,9,6,0,4,1,1,1,7,8,3,0,5,8,5,2,9,9,2,5,9,2,5,0,9,4,741,710,141,347,824,890,536,582,269,242,439,499,677.5,1048.8,825.5,983,833,867,378,703,662,842,222,532,759,257,310,660,485,112,998,189,383,655,730,758,752,329,810,307,768,210,124,467,331,584,695,596,381,434
144,6,0,9,4,4,7,9,5,9,7,7,1,1,7,1,6,7,1,6,8,1,2,3,5,8,8,8,4,8,7,4,4,2,8,5,8,4,2,9,3,4,9,2,1,7,1,5,5,1,4,164,335,808,476,782,175,614,843,368,820,163,687,678.5,1052.8,824.5,274,870,426,405,260,544,840,879,205,123,227,543,387,469,776,200,548,230,238,609,971,157,345,538,705,104,934,764,450,667,856,254,985,449,636
145,1,4,1,5,4,7,9,7,1,6,3,5,2,7,1,2,9,3,6,9,4,5,1,8,7,8,5,2,3,1,9,5,0,3,6,9,3,0,0,7,7,3,5,6,2,1,8,3,0,7,608,104,957,404,368,468,985,777,213,504,539,407,680.5,1054.8,819.5,302,593,278,594,132,196,361,397,255,659,775,878,792,773,393,935,528,722,738,742,417,953,681,153,923,561,822,512,856,283,569,724,393,335,627
146,4,8,3,8,4,7,9,9,9,7,7,6,8,1,0,0,4,7,1,9,4,0,5,1,5,3,7,2,1,4,8,2,7,7,3,7,7,1,3,0,6,3,3,6,6,4,0,8,4,3,453,576,227,562,703,878,125,383,985,308,383,242,676.5,1048.8,818.5,854,684,749,786,893,658,926,814,267,376,581,552,195,512,901,684,923,995,832,444,258,824,223,544,390,361,358,162,716,594,808,173,837,140,390
147,6,6,3,4,4,7,9,9,8,6,6,5,0,7,1,9,3,2,9,3,2,9,2,8,4,3,9,1,8,6,8,3,1,2,3,6,5,1,7,8,5,7,3,3,5,0,1,6,7,9,784,810,166,520,768,320,501,336,716,605,195,256,675.5,1053.8,817.5,689,395,998,979,230,356,810,271,791,151,333,586,940,969,265,434,260,596,984,730,882,159,882,671,463,758,565,785,972,715,690,839,523,680,856
148,9,7,6,4,4,7,9,7,5,2,1,2,7,4,7,6,9,4,4,1,9,4,1,9,7,6,5,6,7,1,3,6,8,9,8,0,1,8,9,6,0,1,2,3,6,8,6,8,9,1,840,292,269,168,299,941,437,693,376,799,983,446,683.5,1052.8,825.5,574,519,701,925,104,460,115,690,862,326,122,561,483,775,804,511,605,298,171,172,993,382,659,931,542,105,928,586,827,721,882,497,232,110,445
149,6,2,1,4,4,7,9,2,8,2,8,7,5,8,6,4,3,8,1,3,4,0,6,5,8,2,2,4,1,6,1,1,6,6,7,3,2,7,1,0,2,6,5,7,1,8,1,0,6,8,276,993,685,287,655,544,928,152,743,967,308,936,675.5,1052.8,823.5,117,135,368,945,655,466,114,461,712,182,120,431,953,540,166,159,629,207,182,890,869,340,793,207,514,961,274,546,697,122,776,305,539,155,533
150,6,3,6,7,4,7,9,6,2,4,0,5,2,5,5,2,7,3,1,7,7,0,2,4,0,6,3,5,9,1,3,3,4,2,1,8,8,4,3,0,5,8,6,4,9,3,4,0,3,8,409,153,614,827,837,812,468,830,754,561,967,729,682.5,1046.8,819.5,132,168,792,109,643,319,430,853,281,640,196,350,643,632,732,543,286,243,408,526,739,854,751,939,536,429,685,228,409,767,665,285,546,535,726
151,4,0,2,6,4,7,9,4,2,8,4,3,3,3,5,3,8,2,0,6,4,5,7,9,7,0,8,0,4,7,0,6,7,5,2,2,2,8,0,2,9,2,6,3,0,3,8,3,9,2,803,801,149,702,964,875,569,666,882,221,330,470,680.5,1046.8,826.5,107,447,427,254,647,804,235,901,138,884,399,117,882,466,940,825,875,665,655,507,451,424,199,265,538,550,659,213,529,986,266,594,943,675,716
152,6,6,3,4,4,7,9,1,5,1,2,2,5,5,6,9,5,5,1,2,8,3,0,7,3,3,2,1,9,2,9,5,3,4,0,3,5,7,3,9,7,5,5,4,9,1,8,7,5,2,971,436,445,852,528,304,299,886,242,509,781,956,678.5,1050.8,825.5,237,669,891,765,447,495,294,915,496,111,559,638,474,914,150,171,187,369,921,598,308,457,849,244,847,948,171,737,210,333,681,581,569,710,499
153,7,6,4,1,4,7,9,6,5,9,7,5,8,3,9,5,6,0,7,9,4,7,3,5,8,1,3,3,9,6,8,7,4,2,1,3,2,2,3,2,5,9,3,0,8,4,0,5,8,1,933,180,866,174,542,884,619,410,171,480,629,185,677.5,1054.8,823.5,734,835,690,307,737,423,778,947,735,358,758,297,597,238,287,992,128,250,841,571,785,439,630,500,661,621,130,126,719,308,528,466,553,687,554
154,7,3,3,4,4,7,9,1,9,2,4,4,3,0,9,0,8,9,3,4,8,4,8,8,7,0,7,9,1,6,8,4,9,4,5,0,8,5,7,6,8,0,0,7,9,7,6,2,3,8,812,119,120,257,904,726,200,486,911,508,543,782,684.5,1052.8,823.5,459,937,155,826,660,628,906,715,990,210,736,381,582,753,552,371,220,613,878,109,537,398,714,941,653,292,366,429,545,573,805,494,178,488,542
155,2,6,4,9,4,7,9,5,4,5,0,2,6,2,6,7,4,2,7,8,4,0,3,6,6,0,5,6,6,4,8,0,4,5,6,4,4,4,8,6,9,4,4,2,5,5,0,4,0,4,816,113,120,960,898,241,587,754,594,789,529,920,682.5,1050.8,824.5,687,259,299,193,490,131,526,302,961,774,358,217,229,467,914,960,925,196,553,178,740,139,900,833,628,865,865,839,253,958,115,395,704,439,935
156,2,5,7,5,4,7,9,9,8,6,7,3,0,3,2,5,6,9,1,8,6,3,9,8,4,1,7,7,1,5,2,3,1,6,5,2,5,1,6,1,1,9,4,3,3,0,1,9,2,2,922,946,684,349,404,144,640,504,275,515,880,797,679.5,1050.8,821.5,974,145,353,859,100,856,495,915,690,925,662,865,462,149,170,158,289,428,380,436,254,717,888,429,294,636,609,496,352,149,456,570,522,529,518
157,1,9,0,3,4,7,9,9,1,9,6,6,5,4,4,6,5,2,4,3,3,5,7,3,9,1,3,4,2,8,9,8,5,7,9,4,7,1,7,8,1,6,6,1,0,2,0,6,1,7,653,448,930,535,940,437,826,561,812,543,105,494,680.5,1045.8,822.5,980,407,322,112,217,703,178,952,988,830,394,956,363,645,177,234,905,984,511,943,599,910,439,795,600,953,862,654,205,937,973,496,320,417,961
158,6,5,9,6,4,7,9,0,0,2,8,2,2,7,5,5,1,5,3,7,1,4,3,8,6,8,8,1,3,8,4,0,4,9,7,0,4,3,5,2,6,9,6,1,3,5,6,2,2,1,206,323,481,958,188,731,525,204,806,942,866,568,676.5,1051.8,821.5,800,264,916,206,155,550,333,760,771,870,832,821,711,508,551,331,959,687,520,682,378,974,355,649,158,782,840,557,717,721,122,818,694,480,255
159,1,5,0,6,4,7,9,6,2,7,8,8,2,7,6,0,3,7,6,1,7,9,4,3,3,4,2,2,9,6,0,4,9,0,8,7,6,1,0,0,0,5,8,3,5,0,9,4,9,8,549,734,655,246,540,653,993,875,469,244,639,978,679.5,1048.8,821.5,657,479,194,151,867,948,428,456,866,628,917,357,242,320,385,552,475,115,351,826,331,654,956,962,690,354,575,889,772,784,675,150,422,848,432
160,7,3,3,9,4,7,9,0,4,2,6,3,1,1,7,6,1,6,7,5,9,3,5,3,6,9,6,0,6,7,5,1,8,9,9,2,0,8,0,7,0,2,0,1,1,0,0,5,2,4,471,854,699,301,449,620,419,622,722,359,131,588,684.5,1052.8,817.5,951,314,597,146,264,301,500,637,294,853,172,670,960,975,929,364,890,721,890,329,298,891,960,983,135,970,299,456,500,487,856,207,354,249,653
161,9,9,9,6,4,7,9,6,9,2,2,7,7,0,8,9,0,0,0,7,9,9,4,8,6,0,5,9,8,2,4,3,5,3,0,4,5,8,6,7,4,8,9,7,4,9,0,9,1,5,839,846,806,797,878,761,160,909,579,755,279,350,679.5,1049.8,817.5,196,878,934,902,804,667,119,887,775,418,582,789,654,404,840,591,924,167,429,805,737,812,909,658,459,392,499,133,634,379,260,731,783,348,507
162,0,0,3,2,4,7,9,9,5,3,9,7,5,4,4,0,3,8,2,4,0,8,4,5,9,3,7,3,1,9,2,1,0,7,7,4,5,0,5,2,2,5,0,8,8,8,2,8,9,5,518,140,657,282,257,541,533,730,551,426,935,216,677.5,1054.8,817.5,278,246,232,582,220,675,602,958,807,862,264,482,435,354,271,814,517,537,454,962,429,622,977,735,662,545,272,641,131,869,883,837,238,111,922
163,2,3,4,3,4,7,9,3,5,2,8,5,9,1,7,2,3,3,2,5,6,7,3,3,4,0,6,3,1,0,3,8,2,5,2,4,7,0,4,2,5,2,3,3,5,4,7,5,2,6,769,625,524,881,470,292,556,957,103,589,180,411,678.5,1048.8,817.5,308,928,516,232,540,252,635,402,636,213,397,692,655,819,981,787,674,628,249,874,985,232,512,487,754,232,456,142,818,655,173,420,444,818,172
164,6,2,0,0,4,7,9,6,3,0,1,3,3,6,4,0,8,1,8,9,1,3,4,8,2,4,2,7,5,9,3,6,0,5,9,2,5,0,6,0,0,1,8,9,7,9,1,8,1,8,424,661,749,745,452,170,513,567,248,599,251,814,682.5,1052.8,820.5,199,270,720,412,881,562,936,230,551,573,371,637,275,744,811,957,385,358,794,391,581,795,392,542,347,429,255,644,737,801,479,429,779,365,103
165,2,1,3,1,4,7,9,7,9,2,0,0,6,2,3,5,0,7,0,7,6,4,2,9,1,4,4,5,9,9,8,6,8,5,0,0,6,9,5,3,6,6,9,6,0,0,5,3,7,0,761,331,475,510,316,344,446,930,606,769,837,331,677.5,1046.8,824.5,347,618,335,766,582,321,178,400,916,887,932,819,675,303,358,578,156,414,489,616,100,235,317,816,302,578,725,865,531,660,613,944,218,459,149
166,8,8,8,8,4,7,9,7,6,4,5,7,4,3,9,1,4,8,1,3,2,7,2,7,8,7,9,3,7,3,7,4,4,7,2,5,3,4,6,4,8,3,1,8,9,1,2,6,2,2,346,635,301,193,351,927,622,184,421,703,910,709,682.5,1045.8,817.5,253,197,261,346,911,213,316,465,692,693,624,491,942,169,253,725,827,328,233,978,435,746,326,660,363,404,905,304,808,115,646,495,221,960,126
167,3,9,8,6,4,7,9,7,8,5,1,0,7,6,0,1,6,4,6,4,3,4,8,0,4,2,3,1,9,3,8,8,1,5,5,4,3,1,9,4,3,7,6,7,7,1,8,2,8,7,384,728,555,187,323,772,845,208,729,456,946,949,682.5,1050.8,820.5,231,853,447,491,904,962,769,503,562,527,162,402,176,875,185,125,507,483,107,525,934,248,999,529,777,751,531,890,695,607,224,750,835,694,522
168,8,6,1,1,4,7,9,0,1,1,8,9,4,9,0,0,9,5,0,0,0,7,7,6,8,0,2,7,8,3,2,1,1,7,7,6,3,5,3,9,8,7,5,8,0,9,1,8,6,5,548,594,733,604,205,443,836,976,260,220,689,438,679.5,1053.8,821.5,394,123,413,759,903,957,298,456,902,634,911,640,569,964,903,392,832,263,567,654,189,680,119,274,313,549,728,830,510,771,731,540,488,141,558
169,3,2,9,5,4,7,9,5,5,2,8,1,8,5,7,2,5,2,5,3,8,1,5,2,5,9,0,5,2,2,6,8,0,6,7,7,6,1,5,5,7,6,1,3,5,6,3,8,5,4,769,442,381,340,736,918,495,409,690,615,274,822,675.5,1054.8,825.5,888,655,254,578,768,863,218,371,121,591,734,425,137,647,349,518,361,443,506,342,691,169,943,970,488,879,476,223,562,285,967,161,455,592,226
170,9,4,4,1,4,7,9,8,3,1,3,1,9,2,1,4,8,3,4,5,7,8,9,7,6,0,1,9,4,9,4,0,7,4,5,4,7,8,6,5,5,7,6,5,2,7,4,4,0,6,454,758,131,281,680,678,701,499,290,315,415,435,677.5,1051.8,823.5,459,874,347,420,278,183,406,549,883,214,501,905,736,782,584,145,667,595,463,967,177,354,443,361,160,290,827,910,730,896,631,475,846,908,728
171,5,9,0,0,4,7,9,7,4,0,5,4,9,9,1,1,6,8,6,2,3,5,6,6,5,9,3,6,1,0,6,0,4,2,0,5,3,8,0,2,7,3,9,1,8,3,4,0,0,1,440,128,194,559,582,625,702,853,668,886,643,638,676.5,1048.8,823.5,116,959,459,473,229,155,885,122,610,222,145,397,367,637,429,663,728,166,349,841,833,653,518,558,798,256,678,790,773,168,514,230,830,747,904
172,1,9,9,1,4,7,9,4,4,1,6,9,9,2,6,7,0,8,8,0,0,5,3,1,2,2,2,9,8,7,8,8,6,2,1,4,6,7,8,7,3,8,5,5,9,2,8,7,5,9,826,295,840,764,147,650,121,784,298,912,306,354,683.5,1051.8,820.5,494,697,104,438,157,695,983,767,733,567,225,140,759,751,854,169,966,719,216,729,515,413,100,709,358,964,980,803,283,881,766,248,829,660,910
173,9,8,1,5,4,7,9,5,5,6,0,6,1,9,9,3,8,1,8,0,3,1,0,8,6,4,5,2,6,6,3,1,3,6,3,0,2,4,4,6,2,9,8,4,8,2,9,0,5,8,270,525,656,683,288,850,504,429,575,584,484,966,683.5,1048.8,819.5,113,115,178,253,798,250,619,176,321,408,559,954,843,126,953,236,500,896,643,518,941,654,131,255,519,761,154,514,117,942,727,385,716,967,483
174,0,2,5,3,4,7,9,2,8,7,5,4,3,2,7,7,4,6,7,1,4,0,9,8,5,5,1,2,0,1,0,8,7,3,6,7,9,1,7,6,3,3,1,2,9,1,7,8,3,5,799,548,363,936,859,552,253,703,387,312,389,765,678.5,1045.8,817.5,827,320,734,989,682,898,362,549,837,452,154,348,681,493,382,112,756,701,511,469,802,206,968,121,989,488,323,998,723,371,658,780,418,852,401
175,5,4,6,2,4,7,9,4,2,7,2,7,6,3,9,9,7,4,4,5,4,0,4,7,1,4,6,8,4,4,9,0,8,2,8,4,3,7,7,1,5,8,0,8,2,8,1,6,0,1,377,360,255,134,829,552,928,538,772,111,364,680,675.5,1047.8,825.5,873,811,163,745,194,396,449,171,917,229,370,621,534,204,397,499,406,376,517,682,950,414,786,833,634,337,610,825,789,682,338,750,996,115,223
176,1,5,2,3,4,7,9,6,8,8,8,9,2,9,7,5,1,7,4,4,9,7,5,8,8,5,1,6,3,5,0,8,9,4,2,6,3,1,8,7,5,6,1,1,7,0,0,8,5,1,845,662,176,492,871,248,837,518,559,951,968,121,683.5,1051.8,823.5,839,742,400,393,743,962,501,305,683,492,613,289,262,383,134,635,881,644,397,943,847,622,907,932,408,577,198,554,704,412,865,338,667,316,558
177,6,8,0,0,4,7,9,8,8,3,6,9,0,6,1,8,0,6,0,8,1,4,7,7,5,7,4,4,3,9,3,1,2,7,4,0,6,4,4,1,8,2,2,8,4,9,0,9,1,8,505,443,906,734,473,127,576,479,980,798,762,217,679.5,1050.8,825.5,729,822,726,909,987,829,987,467,726,315,650,120,202,360,975,825,692,202,920,801,952,484,440,963,953,189,364,370,880,258,479,577,269,266,586
178,5,0,4,4,4,7,9,5,6,8,5,2,7,6,4,9,5,3,8,0,2,8,5,8,1,2,2,6,6,5,6,5,0,7,6,9,3,1,0,9,7,4,0,3,9,6,7,1,0,6,853,845,604,607,882,400,963,586,611,707,105,101,677.5,1052.8,825.5,890,189,616,501,681,509,559,646,158,838,930,317,283,249,263,803,102,791,359,350,761,934,968,382,956,101,771,296,919,628,837,713,162,258,356
179,7,2,4,6,4,7,9,7,2,9,2,8,5,3,0,5,7,2,4,4,4,0,6,7,2,4,5,5,3,8,4,9,7,9,8,8,4,4,8,4,3,8,2,3,8,1,7,6,3,4,104,221,452,721,983,495,445,595,520,937,136,102,682.5,1049.8,826.5,385,912,787,501,371,944,216,681,693,527,296,116,143,929,797,547,694,445,305,658,715,943,270,677,907,711,464,356,865,905,460,599,683,520,422
